{"cameraMode":{"drawMode":0,"name":"Shaded","section":"Shading Mode"},"sceneLighting":false,"audioPlay":false,"sceneViewState":{"m_AlwaysRefresh":false,"showFog":true,"showSkybox":true,"showFlares":true,"showImageEffects":true,"showParticleSystems":true,"showVisualEffectGraphs":true,"m_FxEnabled":true},"in2DMode":false,"pivot":{"x":0.18065738677978517,"y":4.944082260131836,"z":-18.353214263916017},"rotation":{"x":0.14506828784942628,"y":-0.33140671253204348,"z":0.05146695300936699,"w":0.9311423897743225},"size":12.208520889282227,"orthographic":true}