{"cameraMode":{"drawMode":0,"name":"Shaded","section":"Shading Mode"},"sceneLighting":false,"audioPlay":false,"sceneViewState":{"m_AlwaysRefresh":false,"showFog":true,"showSkybox":true,"showFlares":true,"showImageEffects":true,"showParticleSystems":true,"showVisualEffectGraphs":true,"m_FxEnabled":true},"in2DMode":false,"pivot":{"x":0.28905972838401797,"y":9.394171714782715,"z":-10.517318725585938},"rotation":{"x":0.00882977619767189,"y":-0.9691917896270752,"z":0.2449052631855011,"w":0.03626655414700508},"size":12.691152572631836,"orthographic":true}