{"cameraMode":{"drawMode":0,"name":"Shaded","section":"Shading Mode"},"sceneLighting":false,"audioPlay":false,"sceneViewState":{"m_AlwaysRefresh":false,"showFog":true,"showSkybox":true,"showFlares":true,"showImageEffects":true,"showParticleSystems":true,"showVisualEffectGraphs":true,"m_FxEnabled":true},"in2DMode":false,"pivot":{"x":-141.39590454101563,"y":-17.317947387695314,"z":-6.369655609130859},"rotation":{"x":-0.005846600979566574,"y":-0.9819963574409485,"z":0.18783822655677796,"w":-0.030589716508984567},"size":75.9675521850586,"orthographic":true}