{"cameraMode":{"drawMode":0,"name":"Shaded","section":"Shading Mode"},"sceneLighting":true,"audioPlay":false,"sceneViewState":{"m_AlwaysRefresh":false,"showFog":true,"showSkybox":true,"showFlares":true,"showImageEffects":true,"showParticleSystems":true,"showVisualEffectGraphs":true,"m_FxEnabled":true},"in2DMode":false,"pivot":{"x":9.190467834472657,"y":3.0013489723205568,"z":-18.94278907775879},"rotation":{"x":-0.057961996644735339,"y":-0.9352678656578064,"z":0.18339911103248597,"w":-0.29791873693466189},"size":13.519027709960938,"orthographic":true}