{"cameraMode":{"drawMode":0,"name":"Shaded","section":"Shading Mode"},"sceneLighting":false,"audioPlay":false,"sceneViewState":{"m_AlwaysRefresh":false,"showFog":true,"showSkybox":true,"showFlares":true,"showImageEffects":true,"showParticleSystems":true,"showVisualEffectGraphs":true,"m_FxEnabled":true},"in2DMode":false,"pivot":{"x":-2.609013319015503,"y":0.5283417701721191,"z":-12.701558113098145},"rotation":{"x":-0.007477563805878162,"y":-0.9921850562095642,"z":0.07006248086690903,"w":-0.10570645332336426},"size":18.24882698059082,"orthographic":true}