{"cameraMode":{"drawMode":0,"name":"Shaded","section":"Shading Mode"},"sceneLighting":false,"audioPlay":false,"sceneViewState":{"m_AlwaysRefresh":false,"showFog":true,"showSkybox":true,"showFlares":true,"showImageEffects":true,"showParticleSystems":true,"showVisualEffectGraphs":true,"m_FxEnabled":true},"in2DMode":false,"pivot":{"x":5.606147289276123,"y":1.7284252643585206,"z":-8.139718055725098},"rotation":{"x":0.0001708025811240077,"y":-0.991601824760437,"z":-0.0030075241811573507,"w":-0.13184070587158204},"size":2.0211997032165529,"orthographic":true}