{"cameraMode":{"drawMode":0,"name":"Shaded","section":"Shading Mode"},"sceneLighting":true,"audioPlay":false,"sceneViewState":{"m_AlwaysRefresh":false,"showFog":true,"showSkybox":true,"showFlares":true,"showImageEffects":true,"showParticleSystems":true,"showVisualEffectGraphs":true,"m_FxEnabled":true},"in2DMode":false,"pivot":{"x":0.18065738677978517,"y":4.944082260131836,"z":-18.353214263916017},"rotation":{"x":0.42420461773872378,"y":0.012258728966116906,"z":-0.005879381205886602,"w":0.9057697057723999},"size":15.379308700561524,"orthographic":true}